RAM_GB,Processor_Speed_GHz,Storage_Type,Age_Months,Battery_Health_Percent,Color,Brand_Popularity_Score,Price_USD
16GB,2.1,HDD,30,77.76804813213445,Space Gray,91,562.3976215689238
8 GB,3.6,SSD,15,90.19098101776999,Matte Black,2,951.0581036730302
8GB,3.7,SSD,27,,Silver,19,791.1690310874732
16 GB,1.2,NVMe,38,71.65452821199472,Matte Black,15,652.5221007729318
16GB,1.9,SSD,19,82.97812344515647,Matte Black,18,833.0209981665706
16GB,3.6,HDD,14,88.57726000204691,Rose Gold,40,923.7974686869441
16GB,3.7,SSD,55,,Silver,42,895.5179913969083
16GB,2.5,SSD,27,79.0593529702734,Space Gray,26,843.648226244892
8GB,2.2,NVMe,41,68.3328435189868,Space Gray,56,489.6234551899961
4GB,2.0,SSD,31,72.8920699265242,Silver,28,433.72486975736484
32 GB,1.7,NVMe,8,96.24214316401944,Space Gray,77,1460.535248383275
4 GB,4.1,SSD,57,61.89045352106949,Silver,85,548.6704676606447
16 GB,2.5,HDD,7,93.88931932522478,Rose Gold,50,915.6523136544205
8GB,2.8,SSD,59,51.93190672464651,Space Gray,75,319.85104710931466
8 GB,2.4,NVMe,17,84.78983066975093,Rose Gold,34,839.3112285502704
32GB,3.2,SSD,46,,Space Gray,88,1187.456728537679
8GB,4.4,SSD,43,65.45120971392575,Space Gray,70,881.1708626093881
16 GB,1.6,NVMe,51,60.43307996445618,Silver,17,628.4679103429188
8GB,1.7,NVMe,1,91.25270137019882,Silver,23,815.040855178862
8 GB,1.9,NVMe,11,92.64179613881696,Silver,84,722.647753051745
8GB,2.3,SSD,26,78.4159116530194,Silver,60,620.6596673749822
64 GB,4.0,NVMe,58,53.8785728719151,Silver,25,2324.3524593615643
32GB,2.9,SSD,2,100.0,Rose Gold,84,1532.1136118276313
8GB,1.4,NVMe,4,97.36909079365299,Rose Gold,62,739.6945020329044
16 GB,3.7,SSD,52,56.97961363047335,Space Gray,34,918.1634768768811
32GB,1.7,SSD,24,81.22528310673567,Matte Black,18,1199.1032359641392
32 GB,1.6,SSD,37,71.6248149227061,Silver,26,1032.98501313958
8 GB,4.4,SSD,56,56.63205191920942,Matte Black,76,809.1296011925931
4 GB,2.8,SSD,23,82.41252773205898,Space Gray,71,464.7578269226685
16GB,4.1,SSD,25,70.43656557187957,Space Gray,66,1167.8382134521144
16GB,4.3,NVMe,59,53.30678697411256,Rose Gold,28,1029.4164037017827
8 GB,1.5,SSD,47,66.54792580699258,Rose Gold,97,284.45433276488245
8 GB,3.0,SSD,22,85.19687025519885,Silver,64,747.3781941427285
16 GB,1.7,SSD,54,55.87327740518269,Matte Black,95,424.6775965721486
32 GB,2.0,HDD,8,91.97674851096653,Rose Gold,66,1343.0450323458874
4 GB,1.6,SSD,55,59.05815793088063,Matte Black,38,135.59446260552852
16GB,2.3,HDD,10,93.29104532571426,Rose Gold,79,720.0304683531234
8 GB,2.3,HDD,6,98.77951259492544,Rose Gold,52,619.9166082919635
16 GB,1.9,SSD,35,75.81321494902278,Silver,84,566.3998895687738
16GB,4.4,SSD,59,54.85101726425075,Matte Black,88,869.3620714409052
8GB,4.4,SSD,35,69.70433290198592,Matte Black,63,949.2250149588499
32GB,3.5,SSD,12,92.40298237794077,Matte Black,79,1583.8312906377869
8 GB,2.2,SSD,13,90.45077003456849,Silver,70,568.5183016540384
8GB,2.9,NVMe,48,56.02066134108727,Rose Gold,98,600.1727011871792
4GB,3.2,SSD,37,66.90128631842208,Silver,20,485.0390132780068
16GB,3.7,NVMe,56,57.21030012037545,Silver,80,957.2833822871413
8 GB,1.6,HDD,55,56.69927795754436,Silver,50,120.0
8GB,3.1,SSD,24,82.90397501370327,Silver,96,817.5534822223019
4GB,1.3,SSD,15,92.53604800001716,Matte Black,43,475.2481457365247
16GB,1.9,SSD,42,66.40843154705837,Rose Gold,40,508.0178900161951
32 GB,4.2,SSD,9,100.0,Space Gray,17,1729.6260042233882
8GB,1.6,HDD,3,98.14529404959929,Rose Gold,90,559.3211757808043
8GB,4.4,NVMe,57,50.951112403147555,Matte Black,81,841.7254906623871
16 GB,3.0,SSD,23,78.87119677142013,Space Gray,98,942.6818605351294
4GB,4.1,SSD,42,66.21276538259316,Rose Gold,23,742.3234087738683
16 GB,1.4,SSD,58,55.80657276237529,Matte Black,36,498.828266729745
8 GB,2.8,NVMe,53,58.721305284280476,Rose Gold,35,634.0197157129542
64GB,3.9,SSD,23,86.87525357213737,Rose Gold,55,2541.025001228443
16GB,1.9,NVMe,4,100.0,Silver,50,1069.8303519389008
8GB,1.3,SSD,35,70.4882415858772,Silver,98,443.641754283021
16GB,,SSD,29,73.13040929483657,Matte Black,30,688.9999620282106
16GB,2.0,SSD,1,100.0,Silver,67,932.5445667234505
8GB,4.1,SSD,56,56.1151864168955,Silver,93,665.7968305327829
16 GB,4.0,NVMe,53,60.14135495693892,Matte Black,26,1013.548786003442
8 GB,1.4,NVMe,10,85.8817055050402,Rose Gold,78,712.1627158092457
8 GB,4.1,SSD,48,60.32867363317602,Space Gray,28,737.0483406599697
16 GB,2.7,NVMe,53,54.60030022120889,Rose Gold,74,727.427188695287
8 GB,4.1,SSD,55,53.83875542958849,Matte Black,26,698.2441453224492
4GB,3.2,NVMe,9,92.38584445008287,Silver,57,875.3920026354939
8GB,4.4,SSD,49,60.90432790638032,Matte Black,89,810.5568906689499
8GB,2.5,SSD,21,88.38191177518587,Silver,15,564.3989437932688
8GB,4.0,SSD,29,81.06053088808012,Rose Gold,88,938.7016338471666
8 GB,2.7,SSD,58,55.99280854999925,Silver,17,425.8377604961143
4 GB,3.8,SSD,47,62.501902837054445,Space Gray,24,677.5338455887226
8 GB,2.7,SSD,39,71.54528421874885,Space Gray,69,560.1054658889041
64 GB,2.0,HDD,18,86.64299573922227,Space Gray,57,2000.6622690997742
32GB,4.0,SSD,2,97.90738768591045,Space Gray,60,1778.3220387401252
16GB,,NVMe,2,100.0,Rose Gold,40,1048.6573526353257
8 GB,2.5,SSD,45,63.888062775260096,Silver,80,438.87856130088056
32 GB,4.5,NVMe,18,82.71761061748727,Matte Black,90,1982.9493920782706
64GB,3.5,NVMe,21,86.57408757039069,Rose Gold,76,2552.4372168319255
32 GB,4.5,NVMe,44,59.74589791804252,Silver,9,1754.6689793884605
8GB,2.0,SSD,49,60.89534470448477,Matte Black,58,288.19767674247095
8 GB,3.2,SSD,3,100.0,Rose Gold,18,898.9114898065046
8GB,3.3,SSD,25,73.80534361385934,Silver,59,665.4998644006117
4GB,2.2,SSD,42,72.80488881903818,Rose Gold,18,311.2812287081897
8GB,,HDD,38,68.95747638859349,Matte Black,49,554.6870498561973
4GB,1.9,SSD,23,82.00620744745083,Space Gray,97,393.24736019607934
16GB,3.4,NVMe,18,87.61782318634796,Rose Gold,88,1158.1403268052593
16GB,2.1,HDD,17,81.39468373829212,Space Gray,80,693.0637049994173
32 GB,,HDD,36,64.3308533506221,Silver,84,1024.6837286034097
16GB,3.2,NVMe,39,71.92185581802927,Space Gray,10,963.519372636231
16GB,3.6,SSD,10,92.1217954284689,Space Gray,73,1233.1169161399887
16 GB,4.2,SSD,54,53.42941263725801,Matte Black,74,919.9919083526925
8 GB,3.9,NVMe,47,59.881139180234854,Space Gray,54,857.8242121046951
64 GB,3.9,SSD,1,100.0,Rose Gold,76,2634.4197159101545
8 GB,1.8,SSD,2,94.31076496530693,Space Gray,18,664.2503926873126
8 GB,4.0,HDD,17,83.08908638625181,Matte Black,74,899.0824458343183
32GB,1.4,NVMe,35,72.60944760477362,Space Gray,15,1163.1811740072899
16GB,4.4,HDD,18,84.36102509773076,Silver,80,1189.7402284881016
4 GB,4.0,NVMe,29,75.20008579971639,Rose Gold,20,967.1096872722858
8 GB,2.8,NVMe,43,65.25082801141767,Silver,42,626.511440307743
4 GB,1.4,NVMe,19,87.73510981330931,Matte Black,17,491.23000102841814
8 GB,3.6,NVMe,26,78.4160128216456,Space Gray,56,965.2633405148702
32 GB,3.9,HDD,26,78.68003653724836,Rose Gold,31,1466.8245962895812
8GB,2.7,SSD,55,53.369022216468345,Matte Black,61,457.17866202475847
16GB,2.9,HDD,2,93.18183716653262,Silver,75,985.032958049198
8 GB,1.5,NVMe,3,97.12520835578802,Silver,11,788.1488782697503
8GB,3.2,HDD,59,49.973740395735206,Matte Black,26,295.63244816625877
8 GB,,NVMe,19,88.89751581666938,Matte Black,85,616.8205206920816
8GB,,NVMe,6,96.42131624633821,Matte Black,71,762.7285566648275
8 GB,2.1,SSD,36,,Rose Gold,10,443.69117820387794
8 GB,4.2,SSD,55,56.798576744561814,Silver,42,715.2564385241229
4GB,4.4,NVMe,26,78.62310289791276,Matte Black,42,1013.1136384273061
16 GB,2.9,HDD,32,74.56403822544529,Silver,28,789.6888768448246
8GB,3.4,SSD,31,73.95154443241566,Matte Black,82,728.7461902662662
32GB,1.4,SSD,42,67.42571506379642,Matte Black,85,1000.8020448564822
8 GB,4.3,NVMe,16,89.24790825070612,Space Gray,58,1222.7047645120542
8 GB,1.5,SSD,12,92.0143988937054,Silver,22,552.6341612077982
16 GB,2.8,NVMe,57,50.54295274525997,Rose Gold,90,654.6426541405403
4GB,2.5,NVMe,31,75.96630153371615,Silver,66,612.3386544015726
32 GB,4.0,SSD,3,,Space Gray,44,1790.164401582757
8 GB,1.8,SSD,14,92.7947640974631,Rose Gold,57,506.778552891309
32 GB,2.0,NVMe,31,79.02102274371408,Matte Black,43,1224.0222502689908
8 GB,2.4,NVMe,17,84.78983066975093,Rose Gold,34,839.3112285502704
8 GB,3.5,HDD,59,58.62800437248451,Matte Black,38,383.2528443871326
32GB,4.5,HDD,17,85.27558684651478,Silver,66,1773.3200407261477
16 GB,1.5,SSD,40,73.66200769668325,Silver,58,611.9650016424496
8 GB,,SSD,31,77.43497425884225,Matte Black,71,562.6532785009906
16GB,3.6,NVMe,49,56.69980479955128,Space Gray,7,864.5548030553643
8 GB,2.4,HDD,17,87.24366465442938,Silver,73,527.9492493472587
4GB,2.2,SSD,51,54.846680838489974,Matte Black,65,137.32012963970797
8 GB,3.3,NVMe,41,66.83918822939238,Silver,12,815.8782633843209
16 GB,2.8,HDD,2,96.73397308841002,Silver,8,983.4499437234729
16 GB,3.3,HDD,46,63.63003164778766,Matte Black,85,606.0613864446372
64 GB,2.5,NVMe,56,58.172124761110545,Matte Black,64,2036.755095929816
32GB,3.5,SSD,22,81.61686142435954,Space Gray,61,1455.953511135236
16GB,3.3,SSD,0,100.0,Matte Black,2,1328.3866345480544
4GB,1.6,SSD,48,62.21688944408046,Silver,9,200.6929360651466
8GB,2.1,NVMe,57,54.769318253762826,Matte Black,68,488.8188591019618
8 GB,1.2,HDD,27,77.66946863229433,Matte Black,21,327.90807954613894
8 GB,2.1,SSD,39,68.34443991482051,Silver,40,400.3436635864906
16GB,1.2,HDD,44,,Space Gray,23,336.8890775223054
32 GB,3.2,SSD,39,70.03168484568083,Matte Black,25,1292.9136123633584
16GB,2.1,NVMe,30,75.19047837798455,Matte Black,78,792.3030799586554
32GB,3.4,SSD,6,94.61101733192389,Rose Gold,97,1656.8481029941502
16 GB,3.9,SSD,19,,Matte Black,28,1115.2280263597406
8 GB,1.6,NVMe,25,82.72886339425702,Matte Black,27,599.8571042757171
16GB,2.1,NVMe,26,,Silver,71,775.8848302777377
4GB,1.9,NVMe,25,78.2575281414605,Space Gray,29,551.3699708481065
8 GB,4.0,SSD,4,97.98166278443173,Silver,45,1095.0879127484095
4 GB,,SSD,0,99.46060166454541,Rose Gold,52,725.1276186467303
4GB,2.2,SSD,18,86.17214490015039,Matte Black,97,523.8589695627505
4 GB,1.2,SSD,49,59.60976506301687,Rose Gold,55,167.95449127342758
16GB,2.5,SSD,29,78.17817124898356,Space Gray,70,747.445761611827
8GB,2.4,NVMe,7,91.63626466567129,Silver,87,859.605725444429
16 GB,1.6,SSD,14,,Matte Black,78,769.6461953108313
16 GB,4.4,SSD,35,78.03547798932789,Matte Black,49,1200.706966384322
32GB,2.2,NVMe,18,84.8884367847638,Rose Gold,52,1429.4377058659643
4 GB,1.6,HDD,49,59.062399526836025,Matte Black,3,120.0
16GB,1.4,HDD,44,60.47181983588026,Rose Gold,96,345.8856970774724
4GB,,SSD,48,61.01296432336914,Matte Black,29,537.0424285099191
32GB,3.9,SSD,9,88.50615283708584,Space Gray,78,1728.6654377881941
4 GB,3.1,SSD,20,82.11605224055208,Matte Black,20,648.5025981300929
8 GB,4.2,SSD,48,59.48952135504044,Rose Gold,31,767.459592068093
16GB,1.7,NVMe,34,74.25356103643405,Matte Black,19,806.450533914688
16 GB,1.4,HDD,9,96.13104693974287,Rose Gold,37,685.7231031050043
8GB,2.9,NVMe,42,64.232911781533,Space Gray,94,589.4540137867825
8 GB,1.4,SSD,18,,Matte Black,91,507.75597430098105
32GB,,SSD,55,53.02170447274454,Space Gray,83,1047.8035802140557
4GB,1.2,SSD,7,93.41401395451312,Space Gray,56,433.2173872170632
8 GB,2.9,NVMe,8,87.67199865683749,Silver,72,1000.5453335184193
16 GB,2.4,NVMe,58,57.7367050995394,Silver,2,629.5616243159881
32GB,4.4,SSD,4,99.56769055054443,Silver,33,1876.4941662512372
8GB,2.7,NVMe,16,77.48168682517979,Rose Gold,24,811.855571402213
8GB,3.7,NVMe,24,82.26548401735973,Space Gray,33,947.9107069917059
32 GB,3.0,NVMe,24,86.48923721731835,Space Gray,26,1465.2705450323974
8 GB,4.3,NVMe,0,100.0,Silver,72,1317.5145975403316
8GB,,HDD,1,98.3567970861759,Matte Black,9,827.8332067245616
4 GB,1.6,SSD,13,95.37862268819772,Rose Gold,77,527.1116849101796
8 GB,,NVMe,36,63.897470842472224,Silver,78,993.8639439523548
4 GB,3.5,SSD,20,82.30077977111254,Matte Black,15,769.7919756380778
32 GB,2.3,NVMe,46,,Silver,57,1112.1835657542454
16 GB,1.2,SSD,47,59.23472847502535,Rose Gold,3,497.40571441383463
8 GB,1.7,SSD,28,78.2745464481369,Matte Black,51,477.62677618959435
16 GB,2.6,NVMe,41,66.68484730021133,Silver,56,801.6035556867948
16 GB,3.9,SSD,18,87.30612704810702,Rose Gold,55,1255.7989200372906
16GB,3.2,NVMe,480,80.97332309204053,Matte Black,34,1085.7870557645263
16GB,3.3,SSD,50,59.12304105198514,Silver,30,665.0318702540405
8 GB,1.2,NVMe,25,76.22170216868732,Silver,96,631.0202263969494
8GB,3.1,HDD,37,68.76467002932999,Rose Gold,42,399.7391104485405
16GB,1.7,SSD,53,52.592131959378044,Rose Gold,17,529.3258413030385
16 GB,3.3,SSD,22,79.63548381192854,Silver,93,945.7349556584464
4 GB,3.6,SSD,20,82.07880696282419,Space Gray,43,785.588961275815
4GB,3.5,SSD,42,69.12500848324329,Space Gray,54,676.8722472015996
16 GB,1.9,HDD,14,91.96663380639592,Rose Gold,90,646.5667622836102
16 GB,2.0,NVMe,40,69.38940582272303,Space Gray,62,728.5055459203502
16GB,3.6,HDD,5,100.0,Space Gray,75,1023.8409580538705
4 GB,3.4,SSD,57,55.48954689487381,Silver,69,334.9935412033286
16GB,4.0,HDD,38,70.6251011508928,Space Gray,63,979.7537815283599
16GB,1.4,SSD,30,73.51795300107894,Rose Gold,13,673.7924943891402
8GB,1.7,SSD,30,75.05592731890485,Silver,85,526.7761022478138
8 GB,,NVMe,0,100.0,Space Gray,51,787.1830664080734
64GB,2.0,HDD,22,83.62654705699623,Space Gray,27,2001.5668029518365
4GB,3.2,SSD,27,81.64981973039866,Matte Black,9,627.7075134710266
16GB,2.1,SSD,57,56.63468925534129,Matte Black,56,488.8663868521927
16 GB,4.1,HDD,44,63.420969394532115,Rose Gold,49,808.2982570464999
8 GB,4.2,NVMe,31,71.87582288564892,Matte Black,10,1074.3448337040672
8 GB,1.4,SSD,27,79.69934789161934,Silver,26,448.477985474851
4GB,3.8,SSD,4,100.0,Matte Black,79,882.566486950769
8 GB,2.2,HDD,54,55.68712594128533,Rose Gold,4,183.67381653335195
8GB,4.5,SSD,57,52.49113136296575,Matte Black,29,884.4230676592131
4 GB,3.4,HDD,32,73.22063643240028,Matte Black,10,500.8826627147009
16 GB,3.6,SSD,14,86.41734900415669,Silver,30,1075.4360872948914
16GB,3.5,NVMe,52,57.26531569290328,Silver,66,906.3695021923435
4GB,1.8,SSD,49,63.30643766546867,Space Gray,16,182.2859333415103
16GB,2.4,NVMe,39,73.09861729380124,Silver,39,803.1968668520606
4GB,4.0,HDD,38,71.15863898932318,Silver,19,656.9630048528372
16 GB,4.4,SSD,44,67.3614256869272,Space Gray,21,1149.4204170483113
32GB,3.1,SSD,45,62.82159341044244,Silver,65,1284.606325960326
32 GB,3.5,NVMe,35,71.56659475410062,Rose Gold,73,1594.7673000741393
32 GB,1.6,NVMe,28,77.85927625635857,Matte Black,52,1195.6005266595062
8 GB,3.8,SSD,28,80.1063022646476,Rose Gold,55,915.5023680864265
8GB,3.0,SSD,58,55.54736042017981,Matte Black,43,423.8048254797813
16GB,3.8,SSD,54,53.128053799770484,Rose Gold,68,786.8917638047247
8 GB,2.6,SSD,21,80.79488487205309,Space Gray,25,635.8980283589852
8 GB,1.3,SSD,36,70.68909710346813,Rose Gold,68,414.66343379847103
8GB,1.9,NVMe,6,89.78023608259333,Space Gray,2,749.5999749260396
8GB,4.4,SSD,49,60.90432790638032,Matte Black,89,810.5568906689499
64 GB,3.2,NVMe,55,58.027090848183164,Space Gray,26,2156.0140288744283
16 GB,3.8,HDD,52,55.24425522483293,Matte Black,87,767.4032449651446
8GB,2.2,SSD,0,98.12821209765177,Silver,69,692.1243630219681
16GB,3.0,SSD,48,63.87180080060621,Matte Black,99,790.0689333888275
8GB,1.3,HDD,19,84.28408518112197,Space Gray,55,372.8100150293179
8GB,2.6,NVMe,2,100.0,Rose Gold,27,1008.7691904911028
16 GB,1.9,SSD,39,69.70693391544293,Matte Black,46,544.7028762786539
32GB,2.4,SSD,19,85.64913446040944,Matte Black,25,1300.6153032967507
8GB,1.5,SSD,38,68.39679399923074,Silver,77,412.5769318310827
16GB,3.0,SSD,39,65.1355148108003,Matte Black,7,760.78274586336
16 GB,4.2,HDD,36,71.79789192997619,Matte Black,54,957.8122394690449
16 GB,3.9,SSD,56,55.48817592585426,Space Gray,32,844.2596829837828
4 GB,3.8,NVMe,5,94.09816377031974,Matte Black,6,1079.1563818177813
8 GB,3.6,SSD,54,60.0291626188266,Matte Black,32,555.567895007015
16 GB,1.5,NVMe,47,65.43210649375833,Space Gray,77,665.7279946761796
8GB,,NVMe,54,54.73350281702623,Matte Black,10,900.4564809074809
16GB,2.2,SSD,52,62.74110637976361,Rose Gold,94,464.0558652545716
64 GB,2.5,HDD,58,54.583583422252325,Silver,80,1766.1719969364638
8GB,3.3,NVMe,57,54.630861970676634,Space Gray,69,616.9423711330375
32GB,4.4,SSD,13,90.59243277577926,Space Gray,70,1836.7459922772434
8 GB,3.1,HDD,56,56.96085687355012,Rose Gold,81,317.52586468134984
8GB,1.4,NVMe,4,97.36909079365299,Rose Gold,62,739.6945020329044
32GB,3.5,SSD,26,81.70866881046459,Matte Black,92,1507.1244392742087
32GB,3.4,HDD,53,61.05609420842854,Matte Black,92,1046.8068089188557
16GB,3.4,SSD,11,87.90281153828505,Rose Gold,35,1084.9761511446654
16 GB,2.0,SSD,7,95.26018951725138,Space Gray,40,921.8462881705628
16GB,3.6,NVMe,58,51.40537229114102,Space Gray,96,948.7361034691565
8 GB,2.2,NVMe,50,54.79984841383526,Matte Black,49,515.7418330218975
8GB,2.7,NVMe,51,57.68933012254788,Space Gray,9,507.22309049476115
8GB,2.6,NVMe,13,88.87490464575052,Rose Gold,53,804.855712796001
4 GB,2.7,NVMe,5,,Space Gray,87,850.1883707943791
8 GB,3.0,HDD,25,84.11635053971712,Rose Gold,71,622.8064595629576
4 GB,2.3,NVMe,27,77.1565308223823,Matte Black,16,553.9951553767196
8GB,2.7,HDD,4,99.02645841312936,Silver,41,751.6778776419868
16GB,2.6,SSD,31,71.99766696336034,Space Gray,12,807.4353088108718
4GB,3.9,NVMe,34,77.85699627467605,Silver,11,799.3336523287912
8 GB,2.2,SSD,10,88.85653383761692,Matte Black,87,652.4464508075619
8GB,4.4,NVMe,13,90.18652745047237,Rose Gold,7,1296.9101796037455
8 GB,3.8,HDD,49,59.58989697996053,Space Gray,62,489.0752190559269
8GB,2.6,SSD,20,85.47248550185428,Silver,49,646.922892603889
16GB,1.8,SSD,59,51.0005133703713,Space Gray,84,427.24075225203245
8 GB,3.7,SSD,13,88.76470135208345,Silver,80,945.7770422906406
32 GB,1.7,HDD,37,71.1380478925281,Rose Gold,42,872.9415526157716
16GB,1.7,NVMe,6,94.25600914795966,Space Gray,90,966.0864852695026
8GB,3.3,HDD,34,69.41870764445912,Matte Black,6,555.6341707522737
16 GB,4.4,SSD,42,66.114143958565,Space Gray,23,1156.5804532204622
32GB,1.6,HDD,2,100.0,Space Gray,95,1184.0353469689685
8 GB,2.3,SSD,11,93.5827367730029,Matte Black,83,612.3806856759466
16GB,3.2,NVMe,45,66.73745016864224,Rose Gold,49,852.0966651160605
4GB,,SSD,8,89.84347665760697,Space Gray,56,641.0465069592258
4 GB,1.7,SSD,10,93.82729581932814,Space Gray,96,509.47799864282337
16GB,4.5,SSD,27,75.18442959330257,Space Gray,48,1325.2114172669485
8 GB,1.5,SSD,48,60.75227170364062,Rose Gold,85,247.71774453466412
4GB,3.8,NVMe,41,69.68814238076757,Space Gray,72,797.9318359125814
32GB,1.5,NVMe,43,68.98313602458464,Silver,62,1205.4824543743196
16 GB,4.2,SSD,21,80.06627734042985,Silver,57,1208.7163491708186
8 GB,1.5,SSD,18,87.89409500399401,Space Gray,90,521.4919544702046
4 GB,2.3,SSD,23,82.76539924514486,Rose Gold,25,428.54715910203635
16 GB,1.8,NVMe,14,87.88908438903643,Rose Gold,32,1028.7502584824892
16GB,,SSD,49,61.892958561883844,Space Gray,64,582.1722901189855
16 GB,2.7,HDD,58,,Space Gray,26,505.206885323314
4GB,3.6,SSD,57,52.566191802415545,Space Gray,93,519.1990255232045
16GB,1.4,SSD,40,69.72410378499605,Matte Black,41,583.8424622816672
8 GB,4.0,SSD,25,79.6608096079189,Space Gray,81,988.716746158145
8 GB,2.9,SSD,0,98.3792409899927,Matte Black,94,1035.7462616886564
8GB,2.5,HDD,16,86.40615588988362,Silver,67,550.7596023669078
8GB,2.0,NVMe,57,53.602858487165626,Silver,72,400.1976147358308
16GB,2.5,SSD,49,61.809760104266836,Space Gray,50,550.4387916560522
16GB,,HDD,16,91.74434613858247,Silver,17,1074.6629472737222
8 GB,2.0,SSD,5,90.73774331199193,Silver,45,789.9684578915925
8 GB,2.3,HDD,49,60.191946794488665,Matte Black,52,267.00118260649595
32GB,2.2,SSD,51,55.69681993716922,Space Gray,83,948.7024768774412
8GB,3.2,NVMe,46,64.11761616528808,Space Gray,16,771.2807244883867
32GB,2.1,SSD,28,78.34890342736696,Rose Gold,68,1231.7414678618527
16 GB,3.1,HDD,10,91.39279403410596,Rose Gold,12,974.555203701516
8GB,2.8,HDD,19,82.29909156527464,Rose Gold,47,120000.0
8GB,3.3,HDD,9,89.61110003192502,Matte Black,17,783.103928156029
32GB,1.3,SSD,12,93.02253075171498,Space Gray,84,1312.085181973559
16 GB,2.6,HDD,59,55.97157899695475,Space Gray,57,362.26853153367676
4GB,2.8,NVMe,25,81.9090971832588,Matte Black,47,677.6230847182775
8 GB,3.3,NVMe,28,81.77156771480317,Silver,69,856.043766615272
32GB,3.4,SSD,42,63.211669517601514,Matte Black,10,1272.648783751184
32 GB,3.8,SSD,54,59.3489050052796,Silver,65,1249.8864772718919
8 GB,2.0,SSD,50,62.1038769802567,Rose Gold,9,258.7466916913084
16 GB,1.4,SSD,5,96.66257661737838,Matte Black,7,895.6975480913422
32 GB,1.6,HDD,46,65.81322718653678,Rose Gold,28,818.9229760435991
16 GB,3.9,NVMe,2,98.12887790664468,Silver,65,1448.2526035142705
16 GB,4.0,NVMe,10,92.400460236328,Silver,34,1451.7000525723495
32 GB,,SSD,14,89.22824500813486,Matte Black,95,1816.6856558369263
8 GB,2.9,SSD,59,50.284220541108404,Rose Gold,92,441.7164217733118
32 GB,2.3,SSD,6,98.92417699393957,Matte Black,39,1365.3073848538465
32GB,1.7,SSD,10,91.5219937259126,Rose Gold,97,1319.186011124979
32GB,2.9,HDD,45,66.32594263155895,Rose Gold,64,964.3644800351074
32GB,3.3,SSD,53,54.0193731766949,Rose Gold,31,1221.2491262594494
4 GB,2.2,NVMe,50,59.83365791365862,Space Gray,33,347.15671534031947
8GB,3.7,HDD,45,61.97822695981122,Silver,15,493.9716622842012
16 GB,3.9,SSD,42,64.85754245043778,Rose Gold,69,1015.2965118750592
4 GB,4.0,SSD,20,87.10857448317573,Silver,28,785.1803833365627
8GB,1.9,SSD,33,73.20327083762984,Rose Gold,33,505.7375215799507
16 GB,3.0,SSD,59,47.67544479205023,Rose Gold,38,633.726503456226
32 GB,2.2,SSD,32,73.64000900653517,Matte Black,24,1181.4029719524758
8 GB,3.7,SSD,54,57.901510480700296,Matte Black,42,659.4476615593709
8GB,1.4,HDD,37,67.3890163649846,Matte Black,68,202.18005467376193
16GB,1.3,HDD,42,65.30886685273737,Rose Gold,33,381.7573717295126
4 GB,3.7,SSD,4,94.01619812018683,Rose Gold,34,819.3094764549686
4 GB,2.8,SSD,25,77.88488755958102,Silver,17,503.9199276757945
8GB,2.9,SSD,21,82.76812481863597,Silver,44,641.3267268865919
8GB,2.1,NVMe,19,84.79480490532318,Rose Gold,40,745.2155345881295
8GB,3.6,NVMe,39,72.47577621126705,Space Gray,51,739.9369052838791
8GB,4.3,SSD,37,75.4835352850955,Silver,88,940.9489348748663
4 GB,2.6,HDD,1,,Space Gray,17,630.5585866444272
16GB,2.7,NVMe,21,78.59655960578411,Space Gray,50,917.0645280288189
32 GB,4.2,SSD,22,82.44838788573507,Rose Gold,38,1612.0063822426926
8GB,2.9,SSD,8,96.83401011812242,Space Gray,22,794.1222076943732
16 GB,1.5,HDD,56,59.50239816970075,Matte Black,4,255.92883150417484
4 GB,,NVMe,53,55.605391372128054,Matte Black,51,749.42488449092
4 GB,2.4,NVMe,34,77.42501843538909,Silver,51,484.3814606582185
4 GB,3.1,SSD,20,82.11605224055208,Matte Black,20,648.5025981300929
16 GB,3.8,NVMe,3,94.51100131516166,Silver,87,1366.676472572885
8GB,2.1,NVMe,50,55.93715983669355,Matte Black,16,452.80808246077476
8 GB,2.1,SSD,0,100.0,Space Gray,6,784.4834170773436
32 GB,4.4,HDD,5,100.0,Rose Gold,23,1666.6128524962828
32 GB,3.7,HDD,42,66.93335456148688,Silver,21,1203.1408482217053
16GB,1.4,SSD,24,77.4842307365483,Silver,67,678.0528119805832
8 GB,3.3,SSD,20,87.63835316739126,Space Gray,55,765.0850539959231
8 GB,2.8,SSD,48,57.56250464637273,Silver,19,502.84423557583807
16 GB,3.5,SSD,16,90.43733991198178,Matte Black,53,1052.7609242798667
8 GB,,NVMe,48,63.781240061352854,Space Gray,18,429.52875878125127
8 GB,3.4,NVMe,52,56.9942932316054,Rose Gold,2,635.2378231602685
32GB,1.7,SSD,39,72.11771495775182,Space Gray,38,1021.0546291154268
8 GB,4.0,NVMe,48,60.08485404645913,Silver,93,875.4740515916571
16GB,4.0,SSD,14,87.55404935359432,Space Gray,79,1280.767837013084
8 GB,3.4,NVMe,51,51.96365828484875,Space Gray,46,641.9501466208993
4 GB,3.8,NVMe,11,90.55076647502224,Matte Black,43,926.6869287115973
8 GB,3.6,SSD,54,,Matte Black,78,563.5643124301362
4GB,1.9,HDD,45,64.23096525917468,Silver,29,137.7900990554225
8 GB,2.8,SSD,31,74.55071591517233,Silver,42,637.0315558025436
8GB,4.3,SSD,48,59.48318265858349,Space Gray,98,834.2368931097373
8GB,,HDD,19,85.19268046383138,Rose Gold,1,444.9800583151217
64GB,2.3,NVMe,40,69.87325823676966,Rose Gold,38,2137.2005587830463
4GB,2.1,SSD,57,48.052475304300316,Space Gray,59,172.70299106109684
8GB,1.2,SSD,26,77.99650738316647,Matte Black,87,417.32154840543967
4GB,3.8,NVMe,17,81.23408110760185,Matte Black,83,925.6158686091834
32GB,2.2,NVMe,43,63.69431760041239,Silver,82,1208.8727837550637
16GB,3.9,NVMe,20,84.56041317743296,Matte Black,64,1287.414171518382
8GB,2.8,SSD,28,71.41790445600824,Rose Gold,45,622.2088611438697
4 GB,3.0,NVMe,13,90.71000853863109,Rose Gold,76,733.1465320237036
4 GB,3.9,SSD,29,75.81168258872363,Matte Black,99,867.0851798227812
4GB,1.9,SSD,58,54.07132608350995,Matte Black,98,142.5418109004392
8GB,4.1,NVMe,31,72.44954647477846,Rose Gold,90,1066.6291639585688
4 GB,2.2,SSD,42,68.05770217197104,Silver,51,187.15687961947242
4GB,2.8,NVMe,24,76.8591545617628,Space Gray,85,717.462888995709
16GB,2.0,SSD,5,100.0,Matte Black,2,944.5300540392723
8 GB,2.5,SSD,41,71.7400335064184,Space Gray,16,455.45023631370736
16 GB,3.0,SSD,49,66.26650684818712,Rose Gold,19,747.1466288697754
8 GB,3.4,NVMe,51,62.9226387161407,Matte Black,20,687.8766158026998
4 GB,1.9,HDD,53,59.21743235385045,Silver,82,120.0
16GB,,NVMe,44,69.23617082840367,Matte Black,24,780.0443280570441
32 GB,4.0,NVMe,25,80.8141729429931,Matte Black,18,1740.6828325083475
32 GB,3.9,NVMe,35,71.24436507630982,Matte Black,48,1654.2048310212317
8GB,4.0,NVMe,8,94.92981989401922,Space Gray,42,1259.3378066798764
4 GB,2.7,HDD,55,57.599676684666925,Matte Black,92,120.0
16GB,2.2,SSD,52,62.74110637976361,Rose Gold,94,464.0558652545716
8 GB,1.3,NVMe,28,77.95365351831006,Matte Black,90,550.9070226905153
16GB,4.1,NVMe,28,77.99136233626602,Rose Gold,26,1208.2851327470153
8GB,2.7,SSD,6,91.16089025953666,Matte Black,27,721.0939645587346
64 GB,2.2,NVMe,40,65.74789391889111,Rose Gold,16,2051.9689837804012
16 GB,1.5,SSD,2,97.49465583885075,Space Gray,58,796.6267242044139
4 GB,3.9,NVMe,3,99.33702310044778,Silver,88,1147.2945492305694
16GB,,HDD,42,60.61380993175047,Silver,25,1030.236228904997
8 GB,,HDD,33,72.2782105946014,Space Gray,25,569.2372898774663
16 GB,3.5,SSD,38,67.50637869415233,Rose Gold,26,912.0019098551662
8GB,2.5,SSD,52,61.984766404594986,Silver,82,364.7388254308058
8GB,3.6,SSD,11,93.935295968526,Space Gray,4,823.6856756688837
4GB,3.0,HDD,9,97.89848335801403,Silver,60,654.3915955409045
8 GB,2.1,SSD,0,100.0,Space Gray,6,784.4834170773436
32 GB,3.1,SSD,16,89.90173345457966,Rose Gold,51,1527.8196097866899
8 GB,2.2,HDD,25,79.03292434746427,Silver,38,360.23328868216703
16 GB,4.3,SSD,5,97.23254761329805,Matte Black,20,1341.2799787054666
8 GB,3.1,SSD,40,68.22283773224855,Matte Black,83,629.3902658496943
8GB,3.8,SSD,28,78.7960855508667,Matte Black,95,858.4775396314619
8 GB,2.1,SSD,38,74.19569974963363,Space Gray,63,431.25339005488723
8GB,2.1,HDD,33,74.071132741626,Rose Gold,42,318.0810569205569
4 GB,2.7,SSD,14,92.94535169235581,Silver,79,621.7242685601661
4GB,3.7,SSD,29,74.2014132039197,Rose Gold,38,756.9701722785167
8 GB,3.9,NVMe,29,71.80532273961316,Rose Gold,91,929.7659684070132
16 GB,4.4,NVMe,21,82.934262907541,Silver,49,1370.7296479183035
16 GB,4.1,NVMe,19,86.69365160148558,Rose Gold,68,1352.8460864458914
8 GB,2.6,NVMe,4,97.32188344905713,Matte Black,16,974.1997317937174
16GB,3.2,SSD,50,60.40689602632786,Matte Black,52,764.9119157227781
8 GB,2.9,NVMe,39,71.67615828497199,Silver,65,735.0096251294838
4 GB,3.7,NVMe,29,72.2241673964518,Silver,13,841.1418492455964
4GB,2.8,SSD,57,53.73854153749777,Matte Black,36,305.8403938645181
4GB,3.7,SSD,5,95.76791595714249,Space Gray,76,923.7308242368069
16GB,1.3,HDD,30,77.89117741609617,Rose Gold,82,484.2516605565579
8GB,1.6,SSD,46,62.842212579229255,Space Gray,26,294.43649090025104
16 GB,,SSD,32,75.0891330504069,Space Gray,79,721.1025104768277
32GB,2.6,SSD,40,62.789550774367925,Rose Gold,12,110000.0
16GB,2.4,NVMe,50,62.11266686845325,Silver,77,663.1750494387073
8 GB,3.0,NVMe,50,68.65269682972094,Silver,59,628.9973121252617
8 GB,3.1,SSD,40,71.71317345658741,Silver,47,526.5648827285603
32GB,3.2,HDD,7,94.05103088217123,Rose Gold,14,1410.2554785642462
8GB,2.8,SSD,1,100.0,Silver,41,856.0128519318971
8GB,3.8,SSD,14,89.1113185104013,Space Gray,21,958.9896956837949
8GB,1.2,HDD,35,73.21217585237825,Silver,15,156.3013171893598
32 GB,2.3,SSD,21,80.79709720931206,Matte Black,76,1235.6452525996447
8GB,2.1,NVMe,40,63.49033419676142,Space Gray,76,562.7476336255373
32 GB,3.2,NVMe,49,61.199320707391884,Space Gray,47,1289.8833283927245
8 GB,1.3,SSD,59,49.810974953478585,Space Gray,79,223.28535051226362
8GB,,SSD,7,90.5397161160418,Silver,10,785.6304731523786
8GB,3.7,NVMe,14,91.73195554819299,Rose Gold,12,1151.8680036889984
4GB,4.4,HDD,13,87.6514453672885,Silver,53,798.9018965189769
16GB,2.1,HDD,510,98.98810042504444,Silver,75,773.233658268795
32 GB,3.0,HDD,41,64.28123734202624,Silver,86,1039.37385624096
4 GB,4.2,SSD,17,89.39644993433446,Rose Gold,23,894.0914577250918
8 GB,2.9,SSD,53,60.00224406396989,Space Gray,57,410.42958219764296
4GB,4.3,SSD,46,64.31997243349328,Matte Black,35,751.8682215841294
32 GB,2.8,SSD,24,75.51589966758009,Rose Gold,78,1321.5004213243062
4 GB,2.1,HDD,1,97.21041965487393,Space Gray,23,527.4104624947447
8 GB,1.2,NVMe,45,61.90002461928451,Silver,1,311.0598322496249
4GB,3.6,NVMe,57,59.092808556838094,Rose Gold,10,650.6790916135325
4GB,,SSD,55,58.34244628344241,Silver,29,357.38202887549096
16GB,3.3,SSD,53,57.897207227770224,Matte Black,48,691.7015897394848
16 GB,4.2,SSD,18,82.36048253863444,Silver,59,1276.6093371869943
32 GB,1.3,NVMe,41,70.25571990955811,Matte Black,95,1029.2822159102025
8GB,2.3,NVMe,48,65.23891818767856,Matte Black,4,525.6591500275783
16GB,2.6,SSD,43,62.48573448855113,Space Gray,20,632.1716201450474
8 GB,4.4,HDD,27,,Matte Black,87,887.2354478040266
8 GB,2.0,NVMe,22,80.99720197851502,Space Gray,52,638.9156151361244
64GB,4.1,HDD,58,,Rose Gold,97,2128.0969273006053
8GB,1.7,NVMe,10,91.89454031920455,Silver,55,607.4654034769809
16GB,3.6,NVMe,57,52.64432201264951,Space Gray,57,905.6704164687486
8GB,1.3,NVMe,26,77.84813614777532,Space Gray,19,525.0763176087753
16 GB,1.9,SSD,58,51.631874780573064,Silver,18,442.31820508740316
16 GB,4.0,SSD,18,85.17344350303533,Space Gray,12,1212.9013178959508
16 GB,2.1,HDD,0,96.86999547084899,Silver,82,909.897453196541
64GB,2.1,SSD,37,71.8977800941484,Space Gray,2,1942.9572912372312
16GB,3.3,NVMe,19,80.57900126611077,Silver,69,1200.1670790786661
8 GB,3.8,HDD,27,83.48065237214607,Silver,58,762.627937002903
4 GB,2.7,SSD,18,84.33892383564103,Silver,93,561.3615633921252
4 GB,1.2,SSD,28,74.42882849685266,Space Gray,26,235.53339565403743
16 GB,1.7,NVMe,29,75.69980535588294,Silver,36,809.5510791354333
8 GB,4.0,NVMe,29,76.4842890957562,Space Gray,75,1016.5043942040708
32 GB,3.2,HDD,17,85.87265423470039,Space Gray,43,1345.4482910794493
4GB,1.4,SSD,12,89.17265015903425,Space Gray,79,422.3555966962708
16 GB,2.2,SSD,7,91.20542478581015,Matte Black,92,943.3095150632192
32 GB,2.9,HDD,37,66.78519319631589,Matte Black,31,1079.7318143805858
8 GB,2.1,NVMe,20,89.52870914491395,Rose Gold,74,762.8511488883476
32GB,,NVMe,20,90.67805665730008,Silver,38,1486.1310036596108
16 GB,4.1,NVMe,9,88.8420342586607,Matte Black,35,1382.9309501871992
16 GB,4.2,HDD,19,86.18799841045966,Space Gray,56,1217.887028386148
8 GB,2.4,NVMe,58,52.04020029652237,Space Gray,44,465.62841402389193
32 GB,3.9,NVMe,28,77.19098495895653,Space Gray,77,1712.3868599205418
64GB,2.4,SSD,22,78.51854179458674,Space Gray,85,2118.954869691701
32 GB,3.8,HDD,21,85.1476863709153,Space Gray,60,1426.9566421784173
16 GB,3.4,NVMe,26,79.49737960846392,Silver,80,1082.2607343304699
8GB,1.3,SSD,17,85.22271133662656,Silver,74,451.837188281652
16 GB,1.8,SSD,45,67.80586307380962,Silver,44,684.4111455435158
8 GB,3.3,SSD,2,100.0,Rose Gold,31,995.3227830909526
4 GB,2.7,NVMe,16,81.00590753012375,Silver,1,736.2310719854378
16 GB,1.9,HDD,570,56.99295041940563,Space Gray,1,327.18619902925707
8 GB,2.3,NVMe,2,91.60645506181166,Silver,61,870.8954165478555
8GB,2.5,SSD,48,63.421922090080116,Matte Black,82,410.69911324873186
32GB,2.7,SSD,2,100.0,Silver,70,1503.8127261191285
8 GB,,NVMe,36,63.897470842472224,Silver,78,993.8639439523548
8 GB,3.5,NVMe,19,87.28280592897814,Space Gray,9,949.6686679866831
4GB,2.9,SSD,29,73.87328830223115,Rose Gold,84,467.6778616185957
32 GB,1.5,NVMe,16,90.73468427864769,Silver,54,1306.925473130501
4GB,2.2,HDD,35,79.08483433201407,Silver,71,297.22243243586865
8GB,4.1,SSD,58,52.13228230100271,Rose Gold,18,696.1697474523686
16GB,2.1,NVMe,9,93.19425803212405,Rose Gold,14,1039.3599428139132
32 GB,1.4,NVMe,54,56.4523238159166,Matte Black,17,1050.2670767512325
32GB,1.7,SSD,8,94.44117591333993,Matte Black,14,1321.3302498788532
16GB,3.7,HDD,39,72.06826577347015,Silver,75,910.0074483163572
32 GB,1.6,SSD,21,83.31490176256727,Rose Gold,6,1214.781572554495
4GB,2.9,NVMe,18,88.89287489458349,Rose Gold,18,733.5965815340512
8GB,1.4,SSD,4,95.98946983776807,Rose Gold,23,609.92072996194
8 GB,1.6,HDD,0,97.38496576348935,Rose Gold,55,485.25027990779046
8GB,2.5,SSD,43,63.62512927622233,Silver,44,388.4232312580574
4 GB,3.9,NVMe,55,60.359846918757405,Space Gray,23,580.2719934861427
8 GB,1.8,NVMe,36,69.51560692939395,Rose Gold,73,511.7752200374854
32GB,2.0,SSD,10,96.13485228086802,Rose Gold,58,1349.292091689782
4GB,4.2,NVMe,59,53.715320199722186,Space Gray,90,690.9696341403412
8GB,1.6,SSD,41,69.18536836407219,Silver,72,436.6609366400346
16 GB,1.7,HDD,36,68.85713442440218,Space Gray,15,494.41028700307953
8 GB,1.3,NVMe,51,54.05037433544064,Silver,74,294.8806523638673
4GB,4.4,NVMe,21,,Space Gray,68,1075.3774016844275
8 GB,2.6,NVMe,6,,Matte Black,80,920.7701620480401
16GB,2.6,SSD,9,93.00910694419547,Space Gray,63,1010.2311475690896
4 GB,2.5,NVMe,6,94.52508010213506,Matte Black,93,675.6803993013704
8 GB,2.6,NVMe,51,,Silver,44,515.0807092235204
8 GB,4.2,NVMe,10,96.15297325446275,Rose Gold,81,1190.1687224538077
32 GB,3.9,HDD,37,70.08586022412399,Silver,11,1421.9374379582393
8 GB,3.0,SSD,28,80.3268794876844,Silver,78,620.8912118463768
4GB,1.5,NVMe,52,58.46998852594153,Silver,72,222.39993141355424
4 GB,2.9,NVMe,8,,Silver,14,774.9586808076442
32GB,2.2,HDD,27,83.529484558231,Space Gray,86,978.1851728960478
8 GB,,SSD,50,54.14517841937954,Silver,28,210.9987533515759
8 GB,4.3,SSD,52,60.28974458613888,Silver,78,762.4798931963596
4 GB,4.2,HDD,23,81.71877158933384,Space Gray,17,727.0410331083325
8GB,2.8,NVMe,19,86.24315987337644,Space Gray,5,814.3541195695319
8 GB,2.6,NVMe,49,62.56857513853003,Space Gray,51,466.07764295109115
8GB,3.7,HDD,18,82.8853242218564,Silver,72,718.3632191317536
16 GB,3.9,SSD,46,62.34308129750423,Space Gray,39,904.730514466109
16 GB,2.9,NVMe,48,62.348753685367505,Silver,11,802.8867184182564
8GB,2.4,NVMe,43,68.75355134044972,Matte Black,73,598.24706420922
32GB,1.3,HDD,28,75.45344954222503,Space Gray,82,847.986839716197
16GB,2.9,HDD,32,72.83517326443794,Space Gray,31,719.367028519554
16 GB,2.9,HDD,2,100.0,Space Gray,61,945.0719233065894
8 GB,2.3,NVMe,33,73.3152802921872,Rose Gold,88,579.5169247628015
4GB,1.7,NVMe,9,100.0,Rose Gold,87,632.4751606958943
8 GB,3.1,NVMe,34,75.54795606783738,Rose Gold,1,749.1980984101159
16GB,1.7,HDD,20,77.23160307752117,Silver,77,638.3181682870834
16GB,2.8,SSD,54,58.89706092575168,Rose Gold,42,655.8761313953707
4GB,4.4,SSD,35,75.48148061218203,Silver,59,817.420568913907
8 GB,,SSD,58,53.683408747219815,Silver,62,607.6442827269204
16GB,4.1,HDD,16,85.37615465814444,Matte Black,79,1219.6431745527952
8 GB,1.9,HDD,1,100.0,Rose Gold,66,578.9971279829515
64 GB,2.1,SSD,53,57.836783457216654,Matte Black,42,1894.2037859428267
8GB,3.8,SSD,16,,Space Gray,77,941.3684623213867
16 GB,2.5,SSD,42,71.32682817262132,Rose Gold,13,666.283297770068
8 GB,4.1,HDD,10,92.39875592525082,Silver,80,923.9527350091636
8 GB,4.0,HDD,48,60.618039411175424,Silver,13,605.2911756297849
8 GB,3.2,SSD,19,86.61765664387181,Matte Black,15,858.4206004484239
8 GB,2.8,SSD,37,69.19517686802861,Rose Gold,87,561.7328047601532
32 GB,2.7,SSD,8,94.16869156930389,Silver,13,1460.1025682126426
4 GB,3.1,NVMe,23,79.20918221862892,Matte Black,36,736.3865909677634
8GB,1.4,NVMe,47,65.20183549830521,Matte Black,53,397.49873058471644
16GB,3.3,NVMe,33,68.57954560097166,Rose Gold,36,1089.9756681435138
16GB,2.7,SSD,53,54.13039204548681,Space Gray,32,608.1754295021941
32GB,3.6,NVMe,46,63.631364029776584,Silver,30,1427.471008476944
4 GB,1.3,SSD,54,56.936769110509026,Matte Black,49,159.19432240960822
8GB,2.6,SSD,22,88.01906187072638,Matte Black,36,584.3066648115005
32GB,2.3,SSD,44,63.74528376419961,Silver,98,1062.078887599699
8 GB,2.4,HDD,46,63.80698044465242,Matte Black,44,302.03316685587265
4GB,3.6,NVMe,41,63.44472694091476,Rose Gold,82,654.3868524228503
8 GB,2.0,NVMe,16,87.00781688439834,Rose Gold,90,728.5787972847237
8GB,1.4,NVMe,1,99.48590406162181,Rose Gold,23,802.0132891788512
16GB,1.2,NVMe,55,60.237342204774265,Matte Black,10,492.5212990926693
8 GB,2.7,HDD,51,55.55320601213725,Silver,52,278.7464662328682
4 GB,2.6,SSD,1,100.0,Matte Black,59,735.9206025499939
4GB,3.8,SSD,4,95.1495868655658,Space Gray,17,967.0925058076622
8 GB,3.5,SSD,19,80.78251479339055,Rose Gold,17,888.5740495583224
8GB,2.7,NVMe,45,64.5060739760183,Silver,2,542.841930998137
8GB,4.0,SSD,46,59.49622266264728,Space Gray,27,766.4257886378589
16 GB,1.3,HDD,31,75.37576141262706,Matte Black,55,510.81755587347595
16 GB,4.3,NVMe,57,,Rose Gold,77,1074.581356116189
8GB,1.4,HDD,34,69.89567513501264,Space Gray,21,256.42564323547936
8 GB,3.3,NVMe,41,67.0776165306451,Silver,50,766.1564525578597
16 GB,,SSD,56,54.86703908468479,Rose Gold,62,437.07968270541517
8 GB,3.9,HDD,24,79.4882217838669,Matte Black,88,723.8670811526749
8 GB,4.4,NVMe,29,,Matte Black,58,1120.4469731170038
8GB,2.6,HDD,27,80.51381745912724,Rose Gold,99,400.20700059746827
8 GB,,SSD,31,72.75648736771517,Silver,73,591.7533041993702
32 GB,2.7,SSD,3,96.94973495054148,Matte Black,7,1525.995083523915
8 GB,4.1,HDD,20,81.85298995884708,Rose Gold,41,827.609249605406
8GB,2.1,SSD,54,59.08518138822302,Matte Black,5,284.45063855332836
8 GB,3.5,HDD,59,58.62800437248451,Matte Black,38,383.2528443871326
4 GB,2.0,SSD,33,68.98373342717423,Silver,18,331.75667152998426
16 GB,3.3,HDD,36,67.81413100896192,Silver,86,807.5109994533259
8GB,3.4,SSD,25,77.54811361735807,Space Gray,35,751.8538311410283
8GB,,HDD,37,63.386735499694545,Matte Black,48,875.9793656675229
8GB,3.4,HDD,32,77.34935289892965,Silver,34,530.6534264090945
32 GB,3.9,SSD,44,62.2725075258999,Matte Black,93,1361.0475537353652
8 GB,4.2,NVMe,28,74.87451082432017,Silver,20,1104.7088245598914
16GB,,NVMe,4,98.22581442191597,Space Gray,67,1510.1301659515725
4 GB,1.9,HDD,22,82.74909035409789,Rose Gold,7,267.61602731185076
8 GB,1.7,SSD,52,60.669496783520465,Rose Gold,32,251.76797801170747
16 GB,3.3,SSD,15,92.85514398654351,Matte Black,9,1098.866203919276
16GB,1.9,SSD,540,,Space Gray,54,643.3337004396627
8 GB,4.0,SSD,18,83.47865198610316,Space Gray,45,977.1264065068956
32 GB,2.9,HDD,47,63.077094413434565,Silver,80,1010.545533006692
32 GB,2.7,SSD,11,94.00122087761201,Silver,22,1423.614449840373
8GB,1.4,HDD,46,62.09819087943734,Space Gray,88,178.57204475541178
16GB,4.4,SSD,34,69.6975890028297,Silver,17,1177.1550564554768
8 GB,4.2,SSD,13,88.42237232530708,Rose Gold,29,1018.8220601897553
64 GB,1.5,SSD,21,82.97386116273171,Matte Black,88,2067.7423829564755
8GB,2.3,NVMe,42,63.448201350669834,Space Gray,48,545.6682367270026
8GB,3.3,NVMe,15,85.96341461954268,Silver,85,928.385702564486
8GB,4.3,NVMe,58,56.78118771570164,Space Gray,23,903.2753764425387
4 GB,4.2,NVMe,31,75.68963076508207,Matte Black,51,995.2330448977701
8 GB,4.2,NVMe,7,94.96769593971779,Silver,71,1307.787283877776
32GB,1.7,NVMe,21,81.22994562966967,Rose Gold,71,1330.1505497550215
16 GB,3.2,NVMe,56,52.30956738679441,Space Gray,59,805.3323289713744
16GB,3.1,NVMe,45,61.713152476008055,Matte Black,45,909.5325475743678
8 GB,3.4,NVMe,49,,Space Gray,22,701.5178270945374
16 GB,4.4,HDD,2,98.87923010115225,Silver,68,1322.972908199959
4GB,2.1,HDD,49,62.045195284807946,Matte Black,27,120.0
32 GB,1.7,SSD,40,66.06940790688682,Matte Black,41,1089.0235988206593
8GB,1.5,SSD,5,99.56967316162498,Space Gray,76,712.0865778233749
8GB,1.4,NVMe,57,50.10118263794346,Space Gray,51,339.38704775526645
8 GB,2.2,NVMe,44,65.24262273559599,Space Gray,49,562.808852217232
8 GB,3.1,HDD,33,74.68695537620667,Space Gray,34,599.0878535016013
4GB,1.5,SSD,50,55.96838518332218,Rose Gold,95,166.23449608385607
16GB,2.7,SSD,59,54.699284804116125,Rose Gold,17,620.3730757163208
8GB,4.3,HDD,600,68.26618547502419,Space Gray,52,738.4872335750542
16GB,2.9,SSD,9,90.540447626789,Silver,80,1114.4398281254673
8GB,3.5,HDD,42,65.23385052718832,Space Gray,6,615.0754099200656
16 GB,2.8,SSD,56,54.68594702158914,Matte Black,58,697.1369200797975
8GB,4.1,NVMe,48,61.09383346540818,Rose Gold,86,921.4727957254005
16 GB,3.6,SSD,58,53.35568365717165,Space Gray,97,780.6225545383925
8GB,3.6,SSD,15,86.953053846795,Matte Black,49,930.4848094644088
16 GB,2.3,SSD,20,82.70824031945317,Space Gray,81,855.7742650708975
16 GB,2.2,SSD,9,91.69194066986032,Rose Gold,21,915.0994614022414
4 GB,1.4,SSD,6,96.92601659234676,Rose Gold,17,532.0693006646652
8GB,2.3,NVMe,15,87.87773245046013,Matte Black,53,714.5349897085142
8 GB,4.1,HDD,27,82.01944046624517,Silver,54,860.5965653055856
8 GB,3.0,NVMe,46,61.19080450253482,Matte Black,26,608.1637253608307
16 GB,1.4,SSD,55,57.8378873590616,Silver,45,412.4394645340956
8 GB,1.8,NVMe,53,56.52153362938913,Rose Gold,19,389.9074437223016
4GB,4.3,NVMe,0,98.12619727969498,Rose Gold,3,1319.955744838559
8GB,3.4,NVMe,38,68.62970721135294,Silver,64,826.0436604039709
16 GB,2.1,SSD,23,81.34981913661335,Matte Black,11,726.7901664991721
4GB,1.4,HDD,58,50.25564828585045,Silver,79,120.0
32GB,3.8,HDD,53,61.2792664936011,Space Gray,96,1212.0106934040182
4 GB,3.2,HDD,16,85.65497517093293,Rose Gold,62,511.4423016323673
8 GB,2.7,HDD,31,75.8638583651916,Matte Black,46,449.73414227479077
8 GB,3.6,SSD,11,91.24964819672735,Space Gray,96,1022.297237822862
16 GB,2.1,SSD,2,100.0,Rose Gold,71,972.8321757877812
16 GB,2.3,SSD,41,69.49742847397864,Matte Black,92,680.4910503604275
8 GB,4.0,SSD,6,,Space Gray,1,1077.2135022078885
32 GB,3.1,NVMe,4,,Rose Gold,13,1719.0081592392378
16GB,2.2,SSD,56,55.63992385289238,Silver,61,522.8597184186397
4 GB,1.7,NVMe,58,58.67053290003787,Silver,1,212.56929092258844
8GB,2.6,SSD,36,69.16744878434861,Matte Black,71,595.9038816036148
4GB,3.4,SSD,48,63.10515697908309,Matte Black,81,474.36846469458675
32 GB,3.0,NVMe,0,100.0,Silver,51,1733.8471697289758
4GB,3.5,HDD,39,66.94696753371521,Matte Black,41,411.61483397247827
8GB,,SSD,16,86.81226422614245,Space Gray,86,1203.979841917931
8GB,1.2,NVMe,0,100.0,Space Gray,53,817.1222796523765
8GB,4.5,SSD,6,,Silver,44,1169.2652342936826
8GB,1.6,NVMe,34,67.99197156542421,Silver,90,450.62348073133035
8GB,2.9,NVMe,46,63.15693660030755,Silver,30,632.4189626369446
16 GB,2.8,HDD,54,57.49131666313151,Space Gray,69,494.96002188335916
16GB,4.4,SSD,52,52.41117120538575,Silver,34,1027.2175554940168
16GB,3.0,NVMe,39,69.9580099448794,Space Gray,34,915.6374968432359
8GB,4.2,SSD,22,83.79440639249594,Space Gray,42,979.9633131606267
8 GB,3.3,NVMe,54,55.32378978715406,Silver,12,574.8038374211699
4GB,3.9,NVMe,7,90.65841318711972,Space Gray,95,1052.9705329365302
16GB,2.4,SSD,33,76.14703273982965,Space Gray,58,752.5500797050528
8 GB,2.3,HDD,27,81.21494714789351,Space Gray,58,367.57669147114854
4 GB,3.5,SSD,14,89.78628090102853,Matte Black,96,879.2238322654667
8GB,2.5,NVMe,22,84.44229724596671,Silver,71,703.0384464447308
16GB,3.3,NVMe,21,81.54814442019361,Matte Black,79,1137.9486195710626
32 GB,4.3,NVMe,10,93.33809286575638,Rose Gold,59,2038.8483775548798
8GB,1.9,NVMe,46,64.65639357394022,Silver,64,398.39266894889874
64GB,2.2,NVMe,51,61.133518825821426,Matte Black,46,2076.1266700574556
16 GB,1.4,NVMe,34,72.2805406946009,Silver,78,675.2955226733769
8 GB,3.5,HDD,37,69.03877516148502,Space Gray,21,565.6136659163178
16 GB,1.3,NVMe,32,74.87962990204254,Silver,51,804.2069965956223
16 GB,2.5,HDD,21,80.6682976392637,Space Gray,6,704.8634135534427
8 GB,,HDD,14,88.20535830467351,Silver,30,346.06898796300493
4 GB,1.4,HDD,30,80.50194936919912,Space Gray,54,243.11226368235293
4GB,2.6,SSD,35,70.45775084185843,Silver,35,518.7829559322691
4 GB,3.6,NVMe,17,88.33550737611846,Silver,68,967.8826953222389
8GB,4.1,SSD,18,86.1357715521784,Rose Gold,27,1012.0232744731193
32 GB,4.3,SSD,19,88.31909760147713,Matte Black,27,1708.0027375137522
8 GB,1.8,SSD,52,57.03661717614506,Space Gray,2,279.9810524194802
16 GB,2.2,SSD,45,55.14077469804619,Matte Black,39,552.9935356765826
8 GB,2.1,NVMe,28,80.48210642215757,Space Gray,38,633.0767923148687
16GB,4.0,NVMe,25,81.32835657596556,Space Gray,66,1120.2514023718609
16GB,1.9,NVMe,11,90.16835341556201,Silver,35,940.191676883403
8GB,2.9,NVMe,18,85.8521753075108,Space Gray,39,907.476768393416
8 GB,2.7,HDD,29,76.75412201711562,Rose Gold,40,427.5572984006187
16GB,1.4,SSD,2,95.19233500413073,Rose Gold,74,905.5260014725451
8GB,2.4,HDD,58,51.86520023780771,Matte Black,40,126.07156864070356
8GB,1.6,SSD,55,,Rose Gold,84,168.67663775056621
8 GB,3.0,SSD,8,97.18369029355237,Silver,98,886.8046555142917
8GB,2.4,SSD,56,58.896641869019305,Rose Gold,1,268.3740775423033
8GB,3.9,SSD,12,,Silver,33,1033.531436960796
16 GB,2.2,SSD,10,92.60897633880823,Matte Black,6,1035.0673025352423
8GB,4.1,NVMe,44,,Silver,65,814.9488956916529
16GB,4.2,SSD,28,82.04454737852474,Silver,94,1282.1513082683543
8 GB,4.2,SSD,27,81.8588336554686,Rose Gold,36,985.3031827542615
32GB,4.2,SSD,34,70.79807699793685,Matte Black,37,1563.790100695505
8GB,3.7,NVMe,55,59.22255617653691,Space Gray,78,793.0523373425629
4GB,4.1,SSD,26,80.42835156577688,Space Gray,75,868.076992450849
4 GB,4.0,SSD,44,64.107202650374,Matte Black,38,664.4769150776469
8GB,1.3,NVMe,36,75.93635072983676,Matte Black,66,487.04899189080436
16 GB,2.9,HDD,36,71.03041034986096,Matte Black,44,700.0327564361876
32 GB,2.3,NVMe,9,95.3506161013937,Matte Black,57,1495.541342975479
32GB,1.8,SSD,24,83.15537566202688,Silver,56,1161.6352817612606
4 GB,2.2,SSD,21,82.86694337917854,Matte Black,93,438.9619264756707
4GB,3.7,SSD,10,90.86926902677045,Silver,83,891.8705294944994
8 GB,2.4,SSD,11,89.65512222203793,Matte Black,40,701.3543835940501
16GB,4.3,SSD,18,87.58635187444608,Space Gray,54,1305.3012479494394
32GB,3.1,SSD,2,94.94349186143995,Rose Gold,40,1663.7894891304325
16GB,3.8,HDD,11,92.7916998136132,Matte Black,44,1135.9973938886908
8 GB,2.4,SSD,18,84.68872065544068,Matte Black,97,645.3752399610529
16 GB,2.7,SSD,0,100.0,Space Gray,40,1040.9158644956385
16 GB,2.8,SSD,45,61.24795220142363,Space Gray,62,657.5174506723047
8 GB,3.7,NVMe,30,76.38262718311154,Matte Black,4,960.2173354538556
4 GB,2.5,NVMe,11,90.68691976036312,Space Gray,10,698.3854193789537
16GB,3.4,SSD,9,94.52509910532706,Rose Gold,46,1133.1587452276306
8 GB,3.2,SSD,26,76.2877431373107,Space Gray,14,733.5545488696594
16 GB,3.1,SSD,28,78.53364769385446,Matte Black,18,929.2661174900413
16GB,4.4,SSD,37,62.28955961071529,Silver,15,1159.9634552782875
16 GB,4.1,HDD,47,59.309417940306176,Silver,47,847.6828953065802
4 GB,2.6,SSD,1,100.0,Matte Black,59,735.9206025499939
16 GB,3.1,SSD,49,57.620149763045845,Rose Gold,69,819.5815644986538
8GB,,NVMe,36,,Rose Gold,43,814.5005018184687
8 GB,2.2,SSD,1,97.74782894201661,Space Gray,41,712.8886976326428
8 GB,3.6,SSD,9,91.94162922987115,Silver,18,912.113449333689
32 GB,4.1,SSD,20,83.23034705834138,Space Gray,89,1657.4082037571452
16 GB,1.4,SSD,47,60.44247257873783,Matte Black,15,488.7205610859858
16GB,1.4,NVMe,36,,Silver,40,732.152953159473
8 GB,2.9,SSD,35,74.25848164142542,Space Gray,3,569.3857210293407
4GB,2.3,HDD,22,83.80348017570788,Matte Black,21,366.8242921620631
8 GB,4.4,HDD,46,61.90362887202784,Rose Gold,64,741.3387743574855
32 GB,2.2,SSD,31,76.07343292470813,Space Gray,4,1163.7623969710112
8GB,2.6,SSD,3,100.0,Matte Black,49,810.0724318562873
16GB,3.0,SSD,27,74.9055671819842,Silver,57,899.1411235426773
8GB,1.4,SSD,54,62.310023892578215,Rose Gold,71,130.49072358400764
8 GB,4.4,HDD,5,94.85184362352433,Matte Black,86,1069.4469238183565
8 GB,1.8,SSD,31,71.0925903879516,Silver,36,457.001294170564
4 GB,1.5,SSD,52,,Rose Gold,39,120.0
16GB,2.6,SSD,45,57.17814937229036,Rose Gold,92,592.8296103705811
8 GB,3.1,SSD,21,85.35482322092338,Matte Black,4,794.078310116502
4 GB,1.3,SSD,53,56.97498253780333,Rose Gold,86,120.0
8GB,2.6,NVMe,5,92.9904605072316,Space Gray,15,942.2493850441302
8GB,3.7,SSD,41,,Rose Gold,98,636.7213092514627
8GB,2.6,SSD,31,75.93769048073872,Matte Black,94,605.6185443047626
4GB,3.6,SSD,47,64.423348207211,Space Gray,70,487.19216508069155
8 GB,4.0,HDD,13,86.08708436383516,Silver,78,909.5014905275932
32 GB,3.8,HDD,28,79.15959031939943,Silver,19,1414.1893633810448
4GB,4.2,SSD,55,57.62626977440112,Silver,72,592.4954443672904
16GB,1.6,NVMe,39,64.22279229038895,Space Gray,55,641.8159910220752
8 GB,1.5,SSD,41,67.56376404931179,Silver,41,379.8698292703509
8GB,4.5,SSD,26,82.4933160629149,Rose Gold,95,1075.231425168931
8 GB,3.0,SSD,37,65.74245802314134,Matte Black,24,613.3080958109272
8 GB,3.6,NVMe,41,72.18603118881609,Rose Gold,48,839.4201782607639
64 GB,1.5,HDD,34,74.88657004689577,Silver,38,1821.5168188695075
16GB,2.4,SSD,8,94.68154564483349,Space Gray,25,987.4890877655916
4GB,3.4,SSD,24,79.99862099217792,Rose Gold,63,734.8589408117666
16GB,1.8,SSD,58,54.80957363228156,Rose Gold,82,95000.0
8 GB,2.4,SSD,41,68.14129776992515,Rose Gold,8,500.04592429230394
8GB,2.9,NVMe,22,,Rose Gold,58,807.5021855476452
16 GB,4.1,NVMe,24,85.05567005917555,Space Gray,26,1326.0330785707686
16GB,3.5,HDD,41,66.7761208103817,Rose Gold,12,706.2086449748745
4GB,1.8,NVMe,45,,Rose Gold,68,382.7080265280972
64GB,3.0,SSD,38,67.516535141917,Space Gray,48,2108.192516265042
16 GB,3.1,SSD,16,83.80315173356816,Silver,58,1045.8733846548569
32GB,1.8,NVMe,37,66.63889961030534,Space Gray,76,1229.4760570771
8 GB,,HDD,26,77.61678532791562,Space Gray,77,631.2104557071895
16GB,4.2,HDD,42,62.847085146942646,Space Gray,1,959.0728790972817
16 GB,4.0,HDD,39,67.5224152407952,Silver,12,986.0504329070424
8 GB,2.1,SSD,57,54.43578471220047,Space Gray,74,327.0549536742278
32 GB,2.5,SSD,22,76.55230615050421,Silver,73,1294.9328153749013
16GB,,HDD,32,79.70348717521554,Matte Black,12,630.032758330021
32 GB,1.7,SSD,9,89.91778336499361,Space Gray,67,1284.9669450250997
8 GB,1.5,HDD,21,85.54037801762146,Matte Black,69,337.8090376549665
8GB,4.0,SSD,47,62.99197905184463,Silver,49,734.3306100571614
32 GB,,NVMe,20,79.23315815125167,Space Gray,21,1400.276396945378
4GB,2.4,SSD,56,55.67663136297345,Matte Black,49,269.9146701595581
8 GB,2.5,NVMe,54,52.39499031539771,Matte Black,84,479.8123434780945
16 GB,2.6,NVMe,7,92.33312476562452,Rose Gold,76,1080.260402162052
8GB,,NVMe,54,61.41922228802763,Matte Black,26,618.9097640933553
16GB,2.0,SSD,39,68.37499064393019,Rose Gold,59,632.4004298738247
16 GB,2.2,HDD,19,84.91868227476368,Space Gray,95,684.542160546889
32GB,3.0,HDD,44,61.31420252503126,Silver,62,1151.756581829124
16GB,2.2,SSD,37,70.62871468304473,Silver,67,649.8250724035576
8GB,3.3,SSD,32,71.2726151492063,Space Gray,10,723.263984217736
16 GB,3.5,NVMe,28,72.79878931472638,Silver,98,1240.8728931023456
8 GB,1.2,HDD,30,75.20607194109783,Rose Gold,53,266.0647460359437
8 GB,2.8,SSD,55,53.36920864764904,Silver,87,408.2549186273924
16GB,2.2,SSD,8,91.64680799425538,Rose Gold,98,840.4638623772889
16 GB,2.3,HDD,53,57.3652842229702,Rose Gold,73,381.86178376164133
8GB,1.2,NVMe,46,59.97050819477107,Silver,7,328.8020936997229
16GB,4.3,SSD,58,48.50150771396466,Rose Gold,12,1004.2797130222117
8GB,3.6,SSD,53,60.19785805174993,Matte Black,98,607.9414268146747
4 GB,4.2,HDD,47,61.69602198736031,Rose Gold,72,539.1166114277056
4GB,2.4,SSD,59,50.363745204169305,Space Gray,14,198.03810971396612
8GB,1.6,SSD,31,69.17966393670056,Silver,8,88000.0
8 GB,3.5,SSD,52,53.86930926374931,Space Gray,4,594.4693211321221
8GB,,HDD,37,63.386735499694545,Matte Black,48,875.9793656675229
16GB,3.3,NVMe,9,97.24032637586384,Silver,92,1207.227863710096
16GB,3.2,SSD,56,52.21895696770277,Space Gray,14,724.8256847927281
32 GB,4.0,HDD,15,87.573730374731,Rose Gold,27,1528.883422484297
16 GB,2.2,SSD,43,69.82177692519483,Matte Black,4,661.8141562998318
8GB,3.7,SSD,16,86.80963211093034,Silver,76,907.5282131937278
16 GB,3.6,NVMe,29,74.78677371928036,Silver,62,1098.4727208211937
32 GB,2.4,NVMe,10,91.94448619031101,Silver,28,1524.1861398765086
16 GB,1.3,SSD,3,98.91023062235044,Space Gray,81,867.9600162363243
4 GB,2.9,HDD,27,75.46463123980239,Space Gray,70,376.8204014697508
16GB,3.8,SSD,23,84.67349684659645,Rose Gold,12,1100.0701344666486
32 GB,3.2,SSD,39,70.03168484568083,Matte Black,25,1292.9136123633584
32GB,3.2,NVMe,4,100.0,Silver,91,1692.7762975684943
8GB,2.8,SSD,19,,Rose Gold,3,675.7863505778789
32 GB,3.1,NVMe,15,,Space Gray,6,1612.062671525075
8 GB,3.8,SSD,14,93.1993671784722,Space Gray,30,915.5193629559957
16GB,3.7,HDD,55,53.03922402749404,Space Gray,50,735.982996817892
16GB,3.9,HDD,53,58.44033078313975,Space Gray,86,741.818944345514
16 GB,2.4,NVMe,53,58.3264724722237,Rose Gold,32,614.2275163853262
32 GB,3.4,HDD,56,60.27002980081128,Rose Gold,5,1059.2453099143709
16 GB,3.5,SSD,3,96.41511341051029,Silver,74,75000.0
8GB,3.7,NVMe,58,51.02291738339387,Rose Gold,90,739.2215737240845
8 GB,1.2,HDD,7,96.6772711861652,Silver,76,441.9218850010467
32 GB,2.4,SSD,45,62.29538389181077,Silver,88,1117.4153174384458
4 GB,1.8,SSD,0,99.28000534706032,Rose Gold,39,591.542003128957
8 GB,,SSD,43,65.72437136340226,Space Gray,7,628.2059558705781
8GB,4.4,SSD,55,60.97545512590424,Silver,84,710.9731997250033
8GB,3.8,SSD,33,72.3775684857554,Space Gray,52,803.1130940370392
4GB,1.4,SSD,12,88.8355430639327,Rose Gold,23,410.5721115813773
32 GB,3.8,SSD,32,78.882753738769,Matte Black,29,1600.7897327537426
16 GB,1.8,NVMe,7,92.61440980717313,Space Gray,69,977.8221225094691
32GB,1.9,SSD,2,91.57533970853292,Rose Gold,80,1440.0522182297711
8GB,3.0,HDD,12,90.81439511920817,Rose Gold,57,580.7267566336157
4GB,4.5,SSD,46,65.3503963939685,Rose Gold,33,782.3971090531962
16 GB,4.3,SSD,39,69.84939318176086,Rose Gold,99,1132.0753309253882
16GB,2.3,SSD,29,76.34860680053077,Rose Gold,1,672.2915763633425
4 GB,2.1,SSD,26,74.92624908080673,Matte Black,3,478.721845307633
8GB,2.6,SSD,2,96.18959488403587,Rose Gold,8,809.7006967438945
4GB,,SSD,15,89.8292007035495,Space Gray,58,559.4892260234061
8GB,1.3,SSD,28,,Matte Black,54,383.1401866073597
16 GB,2.9,HDD,51,56.531944020762374,Silver,69,557.1531815490364
8GB,3.4,HDD,32,77.34935289892965,Silver,34,530.6534264090945
16 GB,2.1,HDD,19,89.57151003369451,Space Gray,3,643.2318649653744
8 GB,2.1,SSD,6,93.73345047177169,Silver,26,721.5241254486272
8GB,2.9,HDD,58,52.511730401601326,Silver,57,274.63015952261156
8 GB,3.8,SSD,11,90.49970160406832,Space Gray,45,958.534991021401
8GB,2.2,HDD,28,77.9240022318409,Silver,47,388.92578299628366
16 GB,2.0,SSD,31,,Space Gray,5,710.6366304072794
8GB,4.4,SSD,12,88.55064296409687,Space Gray,44,1111.3734861819667
4 GB,1.5,NVMe,31,76.58603992978786,Matte Black,53,421.606406859221
16GB,2.2,HDD,45,,Space Gray,77,408.38484310698465
16 GB,2.5,SSD,29,73.7840819295556,Rose Gold,43,768.5293437768453
4 GB,3.8,SSD,15,92.60309060032306,Silver,10,835.3473522587801
8GB,2.9,NVMe,1,100.0,Matte Black,28,1037.9160064148502
16 GB,2.0,HDD,47,61.84728588166349,Space Gray,30,468.32573039969526
16 GB,2.8,HDD,18,82.79449951047013,Matte Black,68,806.4803259353408
8 GB,2.4,SSD,47,69.19713807148707,Rose Gold,87,326.01756814767725
8GB,3.1,SSD,28,76.81671770461226,Rose Gold,24,687.8490527536006
8GB,3.5,HDD,29,77.311595581164,Matte Black,23,615.2077314502654
4GB,2.7,SSD,27,75.99562308781083,Silver,12,523.6602270804036
16 GB,,HDD,37,72.9162864317277,Rose Gold,33,478.1327786114049
16GB,2.4,NVMe,53,53.33941314815474,Matte Black,7,644.4141847564902
16 GB,4.4,SSD,46,67.37763576117787,Rose Gold,46,1102.5944292264212
32 GB,3.6,NVMe,32,72.57334818656899,Matte Black,63,1557.0356075830323
8 GB,4.4,SSD,16,86.14383317686419,Space Gray,19,1107.9399201155388
16 GB,3.7,NVMe,12,95.95564567580162,Silver,32,1294.9133953201997
16 GB,3.7,SSD,45,64.42252889967224,Space Gray,54,886.5037101735905
32GB,2.4,SSD,6,95.73409220403812,Space Gray,89,1376.9541583704877
4 GB,3.9,NVMe,10,88.83222255946747,Space Gray,61,988.9930184351526
16GB,2.7,SSD,50,61.58261147604004,Space Gray,8,610.7930323782966
8GB,2.8,SSD,58,52.78453909016103,Space Gray,2,275.4325960976165
16GB,1.3,SSD,29,77.45238999697209,Rose Gold,62,688.4898775214725
8 GB,4.1,NVMe,48,58.82999816689363,Silver,87,871.2027561340138
8GB,1.8,NVMe,15,,Silver,84,698.6057451373739
8GB,3.0,SSD,1,100.0,Silver,98,860.6424428914822
64GB,4.4,SSD,24,80.6034564728238,Matte Black,54,2591.6082940973965
8GB,1.8,SSD,40,61.4172552693634,Rose Gold,74,382.4309717847043
16 GB,3.9,HDD,28,81.31471382193929,Silver,69,982.0448675432336
32 GB,4.4,SSD,28,79.1214034686358,Silver,88,1687.1222454578058
16 GB,2.9,SSD,15,89.28140118606298,Rose Gold,80,966.0467660966699
4GB,4.1,HDD,2,94.70119093802751,Space Gray,13,841.5799334617324
16GB,3.8,NVMe,7,91.47267647782715,Silver,15,1392.8821997070445
16GB,3.5,NVMe,40,67.7583026050629,Space Gray,75,1066.742562730717
16 GB,3.7,SSD,54,59.9045915703203,Matte Black,83,865.5383756390543
4GB,1.2,NVMe,36,73.76720929352568,Matte Black,94,279.2753840239858
8GB,1.4,SSD,19,79.24301870295271,Silver,2,529.9041174831333
4GB,3.4,SSD,23,80.42556014973542,Silver,19,719.6730184571128
8 GB,3.0,SSD,17,85.91778767606442,Silver,7,789.2948605261498
16GB,1.7,NVMe,47,60.96426030040742,Matte Black,68,674.3108006708111
4 GB,4.0,NVMe,47,67.5873443042086,Silver,70,837.4662970558788
8GB,3.7,NVMe,38,68.26879345541852,Rose Gold,19,806.1574399337636
8 GB,3.8,NVMe,44,64.01560308804238,Space Gray,51,869.2025045666603
16GB,3.7,NVMe,37,70.28557793592705,Matte Black,9,1138.2532413350373
16GB,2.7,SSD,12,89.46594571967194,Silver,49,999.1690678559031
8GB,3.9,SSD,49,61.97779299339795,Space Gray,63,678.6929200465662
16 GB,4.4,SSD,57,,Matte Black,57,1017.8592985241671
32 GB,1.7,SSD,12,,Rose Gold,44,1242.1938831485775
4GB,3.2,SSD,42,70.82213980043831,Matte Black,42,456.1751355538451
16 GB,2.4,SSD,44,63.26791419073751,Space Gray,17,703.4682026119643
32 GB,3.9,SSD,26,79.38278728154809,Silver,77,1580.825368564942
16GB,1.3,SSD,31,79.80640534980357,Rose Gold,16,550.7112484667798
16 GB,2.5,NVMe,55,57.52569763207496,Matte Black,37,636.1303915250755
8GB,1.2,HDD,59,52.002672910637166,Silver,12,120.0
4GB,4.4,NVMe,31,77.92285483040062,Space Gray,86,964.4870633414012
8GB,4.2,NVMe,35,68.27629827791738,Matte Black,78,1032.725620025798
4 GB,1.4,HDD,49,57.678635103158214,Matte Black,19,120.0
16 GB,4.1,HDD,41,60.8797137258015,Rose Gold,85,886.9163192195616
8 GB,1.7,NVMe,32,74.01822594029318,Rose Gold,87,509.8835282625848
4 GB,3.1,NVMe,23,79.20918221862892,Matte Black,36,736.3865909677634
8 GB,3.7,NVMe,33,69.51126575995006,Matte Black,3,898.6640671483544
8GB,4.3,SSD,11,87.78092488485838,Rose Gold,45,1121.0713062574366
8GB,2.9,SSD,8,95.18967946465132,Space Gray,44,836.9434055576721
4GB,1.6,SSD,14,82.6526283406392,Silver,92,493.5851276925619
16GB,3.2,HDD,35,68.21905712596921,Matte Black,40,717.5067825185085
8GB,4.4,SSD,14,90.29032672130073,Matte Black,85,1124.5783925972867
8 GB,2.8,HDD,24,77.51468184419319,Rose Gold,18,552.7745274526429
32GB,1.4,NVMe,12,96.64380888630018,Rose Gold,50,1440.1776078094401
8GB,1.6,HDD,22,82.73708638077741,Rose Gold,86,322.1501640333562
4 GB,1.6,SSD,48,61.111380637025256,Space Gray,10,214.75398391672923
4GB,2.0,NVMe,50,60.59608855314421,Matte Black,25,307.28170393076505
16 GB,2.1,NVMe,53,60.15203291242271,Space Gray,52,710.7266682257423
8GB,2.2,SSD,25,82.27218040693216,Rose Gold,81,505.5368518584095
16GB,,SSD,53,57.409880497104034,Silver,85,548.9605145420952
16GB,3.5,NVMe,11,89.4632969029907,Space Gray,10,1314.2260056669043
32 GB,2.0,HDD,56,52.19066395188006,Silver,61,769.5780628435958
16GB,3.9,SSD,38,68.82603208447819,Rose Gold,76,917.453729811736
4GB,,SSD,38,66.00975957022493,Silver,3,367.4631966895634
8GB,3.5,HDD,17,81.12072233946712,Space Gray,61,824.3388648106677
16 GB,3.4,SSD,8,100.0,Space Gray,18,1124.2092363481502
32 GB,1.3,SSD,27,78.82627673686105,Matte Black,97,1154.641078107007
4 GB,4.2,SSD,8,92.85492592076362,Space Gray,53,1116.9111872115225
32GB,3.2,SSD,4,95.88677076098656,Rose Gold,22,1561.797273964925
4GB,2.6,SSD,47,64.85451840109235,Silver,43,274.80991816993856
32 GB,4.0,HDD,15,85.04132654115244,Rose Gold,5,1572.892362182726
32 GB,4.4,SSD,50,61.913544319547945,Matte Black,21,1507.647446482178
4GB,,SSD,32,81.28193184987946,Space Gray,52,558.1568023771316
32 GB,1.6,SSD,45,60.977197916019904,Rose Gold,85,903.2238129330783
16 GB,4.4,HDD,6,100.0,Rose Gold,7,1154.8155189675294
4GB,2.6,SSD,19,85.62078144901835,Space Gray,21,455.12223958380287
32GB,2.1,SSD,1,100.0,Space Gray,60,1423.7919936611038
8 GB,2.5,HDD,44,62.381345499572866,Silver,93,270.3476758913606
16GB,3.4,NVMe,3,99.61565972485467,Space Gray,88,1327.2347455713684
8 GB,1.3,HDD,52,61.93056873085574,Space Gray,63,120.0
32 GB,1.3,HDD,10,93.30900556524652,Silver,92,1083.6180373176621
8GB,1.7,SSD,50,56.62172427351835,Rose Gold,23,304.1668965402873
16 GB,1.6,SSD,14,88.28016212467831,Space Gray,19,738.6866401711684
8GB,3.3,HDD,14,87.82711884954827,Space Gray,68,745.0753147445963
8GB,3.2,NVMe,22,86.03207172126771,Matte Black,11,828.5313326245787
32GB,3.4,HDD,38,70.49972231510178,Matte Black,88,1238.2620587068222
8 GB,3.3,SSD,27,76.7333735152737,Rose Gold,18,731.421305035536
4GB,2.5,NVMe,17,88.86436328776023,Silver,63,673.155910123394
16 GB,4.1,NVMe,24,85.05567005917555,Space Gray,26,1326.0330785707686
16GB,4.4,HDD,53,,Silver,42,826.6745701907189
4 GB,1.2,NVMe,4,,Space Gray,99,593.0348812150389
16GB,2.7,SSD,12,86.35553927794521,Silver,36,1005.4979316033497
4 GB,4.1,HDD,59,54.13419670248935,Space Gray,32,439.3861264131709
16GB,1.9,HDD,42,66.03670993460263,Rose Gold,53,401.3240271183895
8 GB,3.4,SSD,24,80.33638301731038,Matte Black,70,828.049400523863
8 GB,4.5,SSD,17,89.09092331586143,Rose Gold,16,1186.3209344110783
8 GB,2.0,SSD,14,85.86605936837242,Silver,91,647.4885956908323
8 GB,2.8,SSD,32,74.90676786999683,Space Gray,14,635.5604481917703
4 GB,,NVMe,1,100.0,Space Gray,37,642.4219712918962
8GB,3.1,HDD,33,76.61696527922979,Rose Gold,95,543.3474589958499
16 GB,1.6,SSD,27,78.55695564346746,Space Gray,88,618.8313636523507
4GB,4.0,SSD,29,75.80322676593194,Matte Black,20,767.0174004370335
8 GB,3.4,HDD,9,93.18795279445038,Matte Black,79,791.4359920053312
8GB,4.4,SSD,23,80.44961686272704,Silver,97,1049.3137785309473
8 GB,3.8,HDD,14,92.61124938174366,Space Gray,36,818.1579832039432
64 GB,4.1,SSD,47,64.0308237824404,Space Gray,53,2344.0724408121187
8 GB,4.0,NVMe,29,74.61443533795693,Rose Gold,48,1005.9936058919415
16 GB,,SSD,53,60.128493734185284,Silver,30,489.7450591947694
4GB,3.3,HDD,13,83.46852111523364,Silver,55,594.5153323368622
8GB,3.0,SSD,12,89.73052109745733,Silver,44,863.7971563279866
16GB,3.8,SSD,44,67.11254183222573,Space Gray,26,951.765398247508
4 GB,1.9,SSD,0,100.0,Space Gray,82,557.0216755632877
8GB,1.7,SSD,47,66.96894165572986,Rose Gold,41,299.7462438124865
32GB,3.4,SSD,58,48.99262919427494,Space Gray,71,1192.3192896446733
4GB,3.0,SSD,11,89.68651054718511,Matte Black,68,698.3441392859197
32 GB,3.5,SSD,3,98.50575478914783,Rose Gold,96,1679.3087947013794
4 GB,2.5,HDD,39,72.64497765035169,Matte Black,71,202.48313924610986
8 GB,3.3,SSD,21,80.55933942753302,Rose Gold,94,811.5733000979027
16GB,3.7,HDD,27,77.02880738186697,Space Gray,21,982.1584772858566
8 GB,3.5,SSD,16,87.82817140007845,Rose Gold,23,966.8198348587275
32 GB,4.2,HDD,26,77.26786195286162,Silver,15,1514.2135464987555
16GB,3.1,SSD,4,96.5326306114003,Space Gray,2,1108.9814950243997
16 GB,4.4,NVMe,9,96.57989050702476,Matte Black,5,1570.27184735689
16GB,1.3,HDD,1,99.23277345672066,Silver,61,660.949939571312
16GB,1.9,SSD,48,64.37300284897535,Matte Black,42,515.9942566267179
8 GB,2.4,SSD,4,96.72253644485492,Silver,38,796.103386425346
16GB,3.4,SSD,20,82.34531757322797,Rose Gold,62,1032.8350287098722
16GB,1.6,NVMe,21,80.00339593030917,Rose Gold,12,821.2226543455315
64 GB,4.1,HDD,10,87.82283141664894,Rose Gold,39,2600.287277359996
8 GB,1.7,SSD,14,89.15985204047622,Matte Black,89,605.1375869084925
8GB,3.4,SSD,15,96.25216909161199,Matte Black,49,907.1037375189486
8GB,4.3,SSD,49,62.876358515265466,Silver,73,769.6087889342107
4GB,2.5,NVMe,1,98.66708988384389,Matte Black,71,831.1813379856089
4 GB,3.5,HDD,15,87.63617357249299,Matte Black,2,568.1026040751071
16GB,3.4,SSD,48,61.95850756379404,Rose Gold,32,811.4190533910502
4GB,2.8,SSD,9,93.95629771522378,Space Gray,64,715.6411842744354
8 GB,2.1,NVMe,48,64.42853851519818,Rose Gold,53,409.39087372169286
16 GB,3.6,NVMe,40,68.87896462500494,Space Gray,49,1051.1861085187456
8 GB,2.5,HDD,50,,Rose Gold,98,312.58576145574847
32 GB,2.9,NVMe,34,69.62800154847581,Space Gray,81,1435.603797434624
32GB,2.2,SSD,51,55.69681993716922,Space Gray,83,948.7024768774412
16 GB,4.4,SSD,48,58.163024286503926,Silver,46,1014.7335247673637
8 GB,2.9,NVMe,3,96.21322815975743,Space Gray,67,1085.165892279689
8GB,2.9,HDD,7,,Rose Gold,78,649.086389552535
8GB,4.0,HDD,42,64.45710365923438,Rose Gold,97,739.9081140632688
16 GB,1.5,NVMe,5,96.62388279204116,Rose Gold,33,979.4774995326911
16 GB,4.1,NVMe,14,87.61701810229447,Silver,36,1387.9433955955096
16GB,2.5,SSD,33,,Rose Gold,18,839.7711247404961
8 GB,1.7,HDD,9,94.96895878935766,Rose Gold,30,430.97339157438745
